,Category,Workplace,Location,Department,Type
0,Business Analyst,Remote,United Kingdom,Operations,Full time
1,Business Analyst,Remote,"Makati, Metro Manila, Philippines",Aux HQ,Full time
2,Business Analyst,On-site,"Al-Dajeej, Al Farwaniyah Governorate, Kuwait",PWC Technologies,Full time
3,Business Analyst,On-site,"London, England, United Kingdom","Consultants, Advisory",Full time
4,Business Analyst,Remote,United Kingdom,Operations,Full time
5,Business Analyst,Remote,"Makati, Metro Manila, Philippines",Aux HQ,Full time
6,Business Analyst,On-site,"Al-Dajeej, Al Farwaniyah Governorate, Kuwait",PWC Technologies,Full time
7,Business Analyst,On-site,"London, England, United Kingdom","Consultants, Advisory",Full time
8,Business Analyst,Remote,"London, England, United Kingdom",Change & Innovation,
9,Business Analyst,Remote,"Makati, Metro Manila, Philippines",Aux HQ,Full time
10,Business Analyst,On-site,"Islamabad, Islamabad Capital Territory, Pakistan","Data & Strategy, Performance Analytics",Full time
11,Business Analyst,Remote,United States,Computer/Software,Full time
12,Business Analyst,Hybrid,"London, England, United Kingdom",Corporate Affairs,Full time
13,Business Analyst,Hybrid,"London, England, United Kingdom",Technology,Full time
14,Business Analyst,Hybrid,"Cary, North Carolina, United States",1 - Operations,Full time
15,Business Analyst,On-site,"Overland Park, Kansas, United States",Consulting,Contract
16,Business Analyst,Remote,"Brookfield, Wisconsin, United States",Security - Delivery,Full time
17,Business Analyst,On-site,"Islamabad, Islamabad Capital Territory, Pakistan","Data & Strategy, Digital Analytics",Full time
18,Business Analyst,Remote,"London, England, United Kingdom",Change & Innovation,
19,Business Analyst,Remote,"Makati, Metro Manila, Philippines",Aux HQ,Full time
20,Business Analyst,On-site,"Islamabad, Islamabad Capital Territory, Pakistan","Data & Strategy, Performance Analytics",Full time
21,Business Analyst,Remote,United States,Computer/Software,Full time
22,Business Analyst,Hybrid,"London, England, United Kingdom",Corporate Affairs,Full time
23,Business Analyst,Hybrid,"London, England, United Kingdom",Technology,Full time
24,Business Analyst,Hybrid,"Cary, North Carolina, United States",1 - Operations,Full time
25,Business Analyst,On-site,"Overland Park, Kansas, United States",Consulting,Contract
26,Business Analyst,Remote,"Brookfield, Wisconsin, United States",Security - Delivery,Full time
27,Business Analyst,On-site,"Islamabad, Islamabad Capital Territory, Pakistan","Data & Strategy, Digital Analytics",Full time
28,Business Analyst,Remote,"Athens, Attica, Greece",DELIV1,Full time
29,Business Analyst,On-site,"Astana, Aqmola oblısı, Kazakhstan",TECH,Full time
30,Business Analyst,On-site,"North West, England, United Kingdom",Change+,
31,Business Analyst,Hybrid,"Berlin, Berlin, Germany",Business & Organization,
32,Business Analyst,Remote,"Washington, District of Columbia, United States",Account Team,Full time
33,Business Analyst,On-site,"Boston, Massachusetts, United States",Delivery,Full time
34,Business Analyst,On-site,"Orlando, Florida, United States",Information Technology,Full time
35,Business Analyst,On-site,"London, England, United Kingdom",Change+,
36,Business Analyst,Remote,"Makati, Metro Manila, Philippines",Aux HQ,Full time
37,Business Analyst,On-site,"Washington, District of Columbia, United States",Labs,Full time
38,Business Analyst,Remote,"Athens, Attica, Greece",DELIV1,Full time
39,Business Analyst,On-site,"Astana, Aqmola oblısı, Kazakhstan",TECH,Full time
40,Business Analyst,On-site,"North West, England, United Kingdom",Change+,
41,Business Analyst,Hybrid,"Berlin, Berlin, Germany",Business & Organization,
42,Business Analyst,Remote,"Washington, District of Columbia, United States",Account Team,Full time
43,Business Analyst,On-site,"Boston, Massachusetts, United States",Delivery,Full time
44,Business Analyst,On-site,"Orlando, Florida, United States",Information Technology,Full time
45,Business Analyst,On-site,"London, England, United Kingdom",Change+,
46,Business Analyst,Remote,"Makati, Metro Manila, Philippines",Aux HQ,Full time
47,Business Analyst,On-site,"Washington, District of Columbia, United States",Labs,Full time
48,Business Analyst,On-site,"Austin, Texas, United States",Data Management,Full time
49,Business Analyst,On-site,"Brisbane, Queensland, Australia","Australia Markets, Technical Services, Intelligence Workspace",Full time
50,Business Analyst,Hybrid,"Salt Lake City, Utah, United States",Delivery,Full time
51,Business Analyst,Hybrid,"Vancouver, British Columbia, Canada",Business Management,Full time
52,Business Analyst,Remote,"Edinburgh, Scotland, United Kingdom","Business Services Professionals, Risk & Compliance",Full time
53,Business Analyst,On-site,"Swords, County Dublin, Ireland",HR,Full time
54,Business Analyst,On-site,"London, England, United Kingdom","Consultants, Advisory",Full time
55,Business Analyst,On-site,"London, England, United Kingdom",Credit Risk,
56,Business Analyst,Hybrid,"Athens, Attica, Greece",OPERATIONS,
57,Business Analyst,On-site,"Austin, Texas, United States",Data Management,Full time
58,Business Analyst,On-site,"Brisbane, Queensland, Australia","Australia Markets, Technical Services, Intelligence Workspace",Full time
59,Business Analyst,Hybrid,"Salt Lake City, Utah, United States",Delivery,Full time
60,Business Analyst,Hybrid,"Vancouver, British Columbia, Canada",Business Management,Full time
61,Business Analyst,Remote,"Edinburgh, Scotland, United Kingdom","Business Services Professionals, Risk & Compliance",Full time
62,Business Analyst,On-site,"Swords, County Dublin, Ireland",HR,Full time
63,Business Analyst,On-site,"London, England, United Kingdom","Consultants, Advisory",Full time
64,Business Analyst,On-site,"London, England, United Kingdom",Credit Risk,
65,Business Analyst,Hybrid,"Athens, Attica, Greece",OPERATIONS,
66,Business Analyst,On-site,"Dublin, County Dublin, Ireland",Ryanair Labs Dublin,Full time
67,Business Analyst,Hybrid,"London, England, United Kingdom",Corporate Affairs,Full time
68,Business Analyst,On-site,"Hursley, England, United Kingdom",Tech+,
69,Business Analyst,On-site,"Sacramento, California, United States",ITPM,Full time
70,Business Analyst,Hybrid,"Dublin, County Dublin, Ireland",Product Delivery,Full time
71,Business Analyst,On-site,"Cambridge, England, United Kingdom",Change+,
72,Business Analyst,Remote,"Cherry Hill, New Jersey, United States",,Contract
73,Business Analyst,On-site,"Orlando, Florida, United States",Information Technology,Full time
74,Business Analyst,Hybrid,"Athens, Greece",Information Technology,Full time
75,Business Analyst,On-site,"Dublin, County Dublin, Ireland",Ryanair Labs Dublin,Full time
76,Business Analyst,Hybrid,"London, England, United Kingdom",Corporate Affairs,Full time
77,Business Analyst,On-site,"Hursley, England, United Kingdom",Tech+,
78,Business Analyst,,"Sacramento, California, United States",ITPM,Full time
79,Business Analyst,Hybrid,"Dublin, County Dublin, Ireland",Product Delivery,Full time
80,Business Analyst,On-site,"Cambridge, England, United Kingdom",Change+,
81,Business Analyst,Remote,"Cherry Hill, New Jersey, United States",,Contract
82,Business Analyst,On-site,"Orlando, Florida, United States",Information Technology,Full time
83,Business Analyst,Hybrid,"Athens, Greece",Information Technology,Full time
84,Business Analyst,On-site,"Dublin, County Dublin, Ireland",Information Systems,Full time
85,Business Analyst,On-site,"Overland Park, Kansas, United States",Consulting,Contract
86,Business Analyst,Hybrid,"Cary, North Carolina, United States",1 - Operations,Full time
87,Business Analyst,On-site,"Warrington, England, United Kingdom",Data+,Full time
88,Business Analyst,Remote,France,Marketing,Full time
89,Business Analyst,On-site,"Douala, Littoral, Cameroon",,Full time
90,Business Analyst,Remote,"Cherry Hill, New Jersey, United States",,Contract
91,Business Analyst,Remote,Jordan,,
92,Business Analyst,On-site,"Lagos, Lagos, Nigeria",Information Technology,Full time
93,Business Analyst,On-site,"Amman, Amman Governorate, Jordan","Sales, OLX Oman Jordan",Full time
94,Business Analyst,On-site,"Cebu City, Central Visayas, Philippines",,Full time
95,Business Analyst,Remote,"London, England, United Kingdom",Analytics,Full time
96,Business Analyst,Hybrid,"London, England, United Kingdom",Finance,Full time
97,Business Analyst,Remote,"Belle Isle, Florida, United States",,Full time
98,Business Analyst,Remote,United States,Computer/Software,Full time
99,Business Analyst,On-site,"Belgrade, Vojvodina, Serbia",IMPLEMENTATIONS & DELIVERY,Full time
100,Business Analyst,Hybrid,"Auckland, Auckland, New Zealand",Insights,Full time
101,Business Analyst,On-site,"Riyadh, Riyadh Province, Saudi Arabia",Commercial,Contract
102,Business Analyst,On-site,"London, England, United Kingdom",Private Credit,Full time
103,Business Analyst,On-site,"UK, United Kingdom, United Kingdom",Data+,
104,Business Analyst,Hybrid,"Melbourne, Victoria, Australia",Platform Product,Full time
105,Business Analyst,On-site,"Bengaluru, Karnataka, India",,Full time
106,Business Analyst,On-site,"Leeds, England, United Kingdom",Research Analysts,Contract
107,Business Analyst,On-site,"Sydney, New South Wales, Australia",IT,Contract
108,Business Analyst,On-site,"Chalcis, Central Greece, Greece",Αθήνα,Other
109,Business Analyst,Remote,"Arlington, Virginia, United States",Digital Services,Full time
110,Business Analyst,,,,
111,Business Analyst,On-site,"Jeddah, Makkah Province, Saudi Arabia",Data and Analytics,Full time
112,Business Analyst,Hybrid,"Manchester, England, United Kingdom",Development and Technical,Full time
113,Business Analyst,,"Kuwait City, Al Asimah Governate, Kuwait",Agility Logistics Parks,Full time
114,Business Analyst,Hybrid,"London, England, United Kingdom",Finance,Full time
115,Business Analyst,Remote,"Delhi, India",,
116,Business Analyst,Hybrid,"Toronto, Ontario, Canada",Business Management,Full time
117,Business Analyst,Remote,"Cairo, Cairo Governorate, Egypt",59,
118,Business Analyst,On-site,"North West, England, United Kingdom",Change+,
119,Business Analyst,On-site,"Lagos, Lagos, Nigeria",DCP - Operations,Full time
120,Business Analyst,On-site,"Calgary, Alberta, Canada",,Full time
121,Business Analyst,On-site,"New York, New York, United States",Corporate,Full time
122,Business Analyst,Hybrid,"San Antonio, Texas, United States",,Full time
123,Business Analyst,On-site,"London, England, United Kingdom",Private Credit,Full time
124,Business Analyst,Remote,Philippines,,
125,Business Analyst,On-site,"Bengaluru, Karnataka, India",,Full time
126,Business Analyst,On-site,"Calgary, Alberta, Canada",Analysis,Full time
127,Business Analyst,On-site,"London, England, United Kingdom",Research Analysts,Contract
128,Business Analyst,On-site,"Fort Worth, Texas, United States",Analytics,Full time
129,Business Analyst,On-site,"Lagos, Lagos, Nigeria",CX Operations,Full time
130,Business Analyst,Remote,"Lagos, Lagos, Nigeria",Data Science,Full time
131,Business Analyst,On-site,"Obajana, Kogi, Nigeria",Risk Management,Full time
132,Business Analyst,Remote,"Boston, Massachusetts, United States",Science & Knowledge,
133,Business Analyst,On-site,"Makati, Metro Manila, Philippines",Operations,Full time
134,Business Analyst,Remote,Philippines,,
135,Business Analyst,Hybrid,"London, England, United Kingdom",Customer Experience,Full time
136,Business Analyst,On-site,"Anfa-Casablanca, Casablanca-Settat, Morocco",Research,Full time
137,Business Analyst,Hybrid,"Athens, Attica, Greece",Finance,Full time
138,Business Analyst,Hybrid,"London, England, United Kingdom",,Full time
139,Business Analyst,Remote,"Sacramento, California, United States",Finance,Full time
140,Business Analyst,Hybrid,"Montreal, Quebec, Canada",Structured Content,
141,Business Analyst,Hybrid,"Milan, Metropolitan City of Milan, Italy",Strategy & BI,Full time
142,Business Analyst,Hybrid,"Sofia, Sofia City Province, Bulgaria",,Full time
143,Business Analyst,Remote,United States,,Contract
144,Business Analyst,On-site,"Al-Dajeej, Al Farwaniyah Governorate, Kuwait",PWC Technologies,Full time
145,Business Analyst,Hybrid,"Golden, Colorado, United States",Asset Management,Full time
146,Business Analyst,On-site,"Dubai, Dubai, United Arab Emirates",Strategy,
147,Business Analyst,Hybrid,"Phra Khanong, Bangkok, Thailand",Data Science,Full time
148,Business Analyst,On-site,"Lagos, Lagos, Nigeria",DCP - Finance & IT,Full time
149,Business Analyst,On-site,"Concord, New Hampshire, United States",Related Services,Full time
150,Business Analyst,On-site,"Bristol, England, United Kingdom",,Full time
151,Business Analyst,Remote,"London, England, United Kingdom",Associates,Contract
152,Business Analyst,On-site,"Hursley, England, United Kingdom",Tech+,
153,Business Analyst,On-site,"Amarillo, Texas, United States",Human Resources,Full time
154,Business Analyst,On-site,"New York, New York, United States",Technology/Data,Full time
155,Business Analyst,Remote,"Jakarta, Jakarta, Indonesia",Data,Full time
156,Business Analyst,On-site,"Dubai, Dubai, United Arab Emirates",,Full time
157,Business Analyst,Remote,"Austin, Texas, United States",Engineering,Full time
158,Business Analyst,On-site,"Virginia Beach, Virginia, United States",Corporate Strategy,Full time
159,Business Analyst,On-site,"Riyadh, Riyadh Province, Saudi Arabia","Bayut KSA, Internal Audit & Compliance",
160,Business Analyst,Hybrid,"Barlborough, England, United Kingdom",Business Support,Part time
161,Business Analyst,Remote,"Delhi, India",,Contract
162,Business Analyst,On-site,"Mexico City, Mexico City, Mexico",One Research,Full time
163,Business Analyst,On-site,"Singapore, Central, Singapore",Management,Full time
164,Business Analyst,On-site,"Sydney, New South Wales, Australia",Sales,Full time
165,Business Analyst,Remote,"Jakarta, Jakarta, Indonesia",Data,Full time
166,Business Analyst,On-site,"Dubai, Dubai, United Arab Emirates",,Full time
167,Business Analyst,Remote,"Austin, Texas, United States",Engineering,Full time
168,Business Analyst,On-site,"Virginia Beach, Virginia, United States",Corporate Strategy,Full time
169,Business Analyst,On-site,"Riyadh, Riyadh Province, Saudi Arabia","Bayut KSA, Internal Audit & Compliance",
170,Business Analyst,Hybrid,"Barlborough, England, United Kingdom",Business Support,Part time
171,Business Analyst,Remote,"Delhi, India",,Contract
172,Business Analyst,On-site,"Mexico City, Mexico City, Mexico",One Research,Full time
173,Business Analyst,On-site,"Singapore, Central, Singapore",Management,Full time
174,Business Analyst,On-site,"Sydney, New South Wales, Australia",Sales,Full time
175,Cloud,Remote,India,Information Technology,Full time
176,Cloud,Hybrid,"Witney, England, United Kingdom",Permanent,Full time
177,Cloud,On-site,"Gurugram, Haryana, India",Sales,Full time
178,Cloud,Hybrid,"Tampa, Florida, United States",Client Services,Full time
179,Cloud,On-site,"Wrocław, Lower Silesian Voivodeship, Poland",Ryanair Labs Wrocław,
180,Cloud,Remote,"Gurugram, Haryana, India",Sales,Full time
181,Cloud,On-site,"Ridgefield Park, New Jersey, United States",Cloud Business Division,Full time
182,Cloud,On-site,"Bengaluru, Karnataka, India",Engineering,
183,Cloud,On-site,"Dubai, Dubai, United Arab Emirates",Corporate,Full time
184,Cloud,Remote,India,Information Technology,Full time
185,Cloud,Hybrid,"Witney, England, United Kingdom",Permanent,Full time
186,Cloud,On-site,"Gurugram, Haryana, India",Sales,Full time
187,Cloud,Hybrid,"Tampa, Florida, United States",Client Services,Full time
188,Cloud,On-site,"Wrocław, Lower Silesian Voivodeship, Poland",Ryanair Labs Wrocław,
189,Cloud,Remote,"Gurugram, Haryana, India",Sales,Full time
190,Cloud,On-site,"Ridgefield Park, New Jersey, United States",Cloud Business Division,Full time
191,Cloud,,"Bengaluru, Karnataka, India",Engineering,
192,Cloud,On-site,"Dubai, Dubai, United Arab Emirates",Corporate,Full time
193,Cloud,Remote,India,Information Technology,Full time
194,Cloud,Hybrid,"Witney, England, United Kingdom",Permanent,Full time
195,Cloud,On-site,"Gurugram, Haryana, India",Sales,Full time
196,Cloud,Hybrid,"Tampa, Florida, United States",Client Services,Full time
197,Cloud,On-site,"Wrocław, Lower Silesian Voivodeship, Poland",Ryanair Labs Wrocław,
198,Cloud,Remote,"Gurugram, Haryana, India",Sales,Full time
199,Cloud,On-site,"Ridgefield Park, New Jersey, United States",Cloud Business Division,Full time
200,Cloud,On-site,"Bengaluru, Karnataka, India",Engineering,
201,Cloud,On-site,"Dubai, Dubai, United Arab Emirates",Corporate,Full time
202,Cloud,Remote,"Dallas, Texas, United States",,Full time
203,Cloud,Hybrid,"San Francisco, California, United States",SFW,Full time
204,Cloud,Remote,Spain,,
205,Cloud,Remote,United Kingdom,Sales,Full time
206,Cloud,Remote,"Washington, District of Columbia, United States",Digital Services,Full time
207,Cloud,Remote,"New York, New York, United States",Engineering,Full time
208,Cloud,Hybrid,"Bengaluru, Karnataka, India",ENG,Full time
209,Cloud,On-site,"Mumbai, Maharashtra, India","Market Unit International, MU Int India",Full time
210,Cloud,Remote,France,Customer Success,Full time
211,Cloud,Remote,United States,Engineering,Full time
212,Cloud,Remote,United States,Customer Success,Full time
213,Cloud,Remote,,Localization,Other
214,Cloud,Remote,"Brussels, Brussels, Belgium",DELIV4,
215,Cloud,Remote,"Cambridge, England, United Kingdom",Product and Engineering,Full time
216,Cloud,Remote,"Chicago, Illinois, United States",Analytics,Full time
217,Cloud,On-site,"Sofia, Sofia City Province, Bulgaria",NetNation,Full time
218,Cloud,On-site,"Kathmandu, Central Development Region, Nepal",,
219,Cloud,Remote,Spain,UNIT 4,Full time
220,Cloud,Remote,Germany,Customer Success,Full time
221,Cloud,Hybrid,"Athens, Attica, Greece",,Full time
222,Cloud,Remote,"Tangier, Tangier-Tétouan-Al Hoceima, Morocco",🔵,Full time
223,Cloud,On-site,"Cebu City, Central Visayas, Philippines",,Full time
224,Cloud,On-site,"Gurugram, Haryana, India",Game Testing,Full time
225,Cloud,Hybrid,"Shibuya, Tokyo, Japan",Engineering,Full time
226,Cloud,Hybrid,"London, England, United Kingdom",Technology & Data,Full time
227,Cloud,On-site,"Gurugram, Haryana, India",Sales,Full time
228,Cloud,On-site,"Leawood, Kansas, United States",epay,Full time
229,Cloud,Remote,"Paris, Île-de-France, France",Data Science,Full time
230,Cloud,Remote,United States,United States (US),Contract
231,Cloud,On-site,"Seoul, Seoul, Korea, Republic of",Research,Full time
232,Cloud,On-site,"Al-Dajeej, Al Farwaniyah Governorate, Kuwait",PWC Technologies,Full time
233,Cloud,Remote,Canada,Technology,Full time
234,Cloud,On-site,"Gurugram, Haryana, India","Qoala - Indonesia, Engineering, Core Engineering",Full time
235,Cloud,On-site,"Sacramento, California, United States",ITPM,Full time
236,Cloud,On-site,"Gurugram, Haryana, India",Sales,Full time
237,Cloud,On-site,"Leawood, Kansas, United States",epay,Full time
238,Cloud,Remote,"Paris, Île-de-France, France",Data Science,Full time
239,Cloud,Remote,United States,United States (US),Contract
240,Cloud,On-site,"Seoul, Seoul, Korea, Republic of",Research,Full time
241,Cloud,On-site,"Al-Dajeej, Al Farwaniyah Governorate, Kuwait",PWC Technologies,Full time
242,Cloud,Remote,Canada,Technology,Full time
243,Cloud,On-site,"Gurugram, Haryana, India","Qoala - Indonesia, Engineering, Core Engineering",Full time
244,Cloud,On-site,"Sacramento, California, United States",ITPM,Full time
245,Cloud,Remote,Greece,Product,Full time
246,Cloud,Remote,"Makati, Metro Manila, Philippines",Fulfilment,Full time
247,Cloud,On-site,"Pune, Maharashtra, India",Quality Assurance & Test Engineering,Full time
248,Cloud,Hybrid,"Athens, Attica, Greece",Service Desk,Full time
249,Cloud,Remote,Spain,UNIT 3,Full time
250,Cloud,Hybrid,"Mandaluyong, Metro Manila, Philippines",IT Development,
251,Cloud,On-site,"Amman, Amman Governorate, Jordan",,Full time
252,Cloud,Hybrid,"Bangalore, Karnataka, India",ENG,Full time
253,Cloud,Hybrid,"London, England, United Kingdom",Technology,Full time
254,Cloud,On-site,"Dublin, County Dublin, Ireland",Technology,Full time
255,Cloud,,"Singapore, Singapore, Singapore",Operations MY/AU,Contract
256,Cloud,On-site,"Seoul, Seoul, Korea, Republic of",Research,Full time
257,Cloud,Hybrid,"Mandaluyong, Metro Manila, Philippines",IT Development,
258,Cloud,Remote,United States,Sales,Full time
259,Cloud,Remote,"Palo Alto, California, United States",Infrastructure,Full time
260,Cloud,On-site,"Los Angeles, California, United States",,
261,Cloud,Remote,"Oxford, England, United Kingdom",Technology,Full time
262,Cloud,On-site,"Bengaluru, Karnataka, India",Global,Full time
263,Cloud,Remote,United States,Engineering,Full time
264,Cloud,Remote,United States,G & A,Full time
265,Cloud,Remote,United States,Marketing,Full time
266,Cloud,Remote,"Brooklyn, New York, United States",Product & Technology,Full time
267,Cloud,On-site,"London, England, United Kingdom",,Full time
268,Cloud,Hybrid,"Bengaluru, Karnataka, India",ENG,Full time
269,Cloud,Hybrid,"Bengaluru, Karnataka, India",DevSecOps,Full time
270,Cloud,Remote,"Arlington, Virginia, United States",Data Analytics & Research,Full time
271,Cloud,Hybrid,"Dubai, Dubai, United Arab Emirates",Management,Full time
272,Cloud,Remote,Brazil,,Full time
273,Cloud,On-site,"Newcastle, New South Wales, Australia",,
274,Cloud,On-site,"Ghent, Flanders, Belgium",Job offer,
275,Cloud,,,,
276,Cloud,Remote,"Boston, Massachusetts, United States",Commercial,Full time
277,Cloud,Remote,"San Francisco, California, United States",Customer Success,Full time
278,Cloud,On-site,"Mumbai, Maharashtra, India","Market Unit International, MU Int India",Full time
279,Cloud,Remote,"Mandaluyong, Metro Manila, Philippines",IT Development,Full time
280,Cloud,Remote,"Minato City, Tokyo, Japan",Mercari,Full time
281,Cloud,On-site,"London, England, United Kingdom","Product & Tech, Core Engineering, Site Reliability Engineering",
282,Cloud,Remote,United Kingdom,Managed Services,Full time
283,Cloud,Hybrid,"Toronto, Ontario, Canada",Technology,Full time
284,Cloud,Remote,,CLIENT-BASED,Full time
285,Cloud,Hybrid,"London, England, United Kingdom",Technology,Full time
286,Cloud,Hybrid,"Gurugram, Haryana, India",Engineering,Full time
287,Cloud,Remote,,QA,
288,Cloud,On-site,"Liverpool, England, United Kingdom",Jessica,Full time
289,Cloud,,,,
290,Cloud,,,,
291,Cloud,,,,
292,Cloud,,"Mandaluyong, Metro Manila, Philippines",IT Development,
293,Cloud,Hybrid,"Berchem, Antwerp, Belgium",Engineering,Other
294,Cloud,Remote,United Kingdom,Engineering,Full time
295,Cloud,Hybrid,"Pasig, Metro Manila, Philippines",Corporate,Full time
296,Cloud,Remote,"Hyderabad, Telangana, India",Data Engineering,
297,Cloud,Remote,"Miami, Florida, United States",Engineering,Full time
298,Cloud,On-site,"Athens, Attica, Greece",,Full time
299,Cloud,On-site,"Riyadh, Riyadh Province, Saudi Arabia","Bayut KSA, Internal Audit & Compliance",
300,Cloud,Remote,"New York, New York, United States",Technology Division,Full time
301,Cloud,On-site,"Bengaluru, Karnataka, India",UX Team,Full time
302,Cloud,On-site,"New York, New York, United States",Corporate,Full time
303,Cloud,,"London, England, United Kingdom",Data & Analytics,Full time
304,Cloud,On-site,"Tel Aviv-Yafo, Tel Aviv District, Israel",R&D,Full time
305,Cloud,On-site,"Aiea, Hawaii, United States",Mission Support,Full time
306,Cloud,Remote,"Hyderabad, Telangana, India",Data Engineering,
307,Cloud,Remote,"Miami, Florida, United States",Engineering,Full time
308,Cloud,On-site,"Athens, Attica, Greece",,Full time
309,Cloud,On-site,"Riyadh, Riyadh Province, Saudi Arabia","Bayut KSA, Internal Audit & Compliance",
310,Cloud,Remote,"New York, New York, United States",Technology Division,Full time
311,Cloud,,,,
312,Cloud,On-site,"New York, New York, United States",Corporate,Full time
313,Cloud,Hybrid,"London, England, United Kingdom",Data & Analytics,Full time
314,Cloud,On-site,"Tel Aviv-Yafo, Tel Aviv District, Israel",R&D,Full time
315,Cloud,On-site,"Aiea, Hawaii, United States",Mission Support,Full time
316,Cloud,On-site,"Ahmedabad, Gujarat, India",Operations,Full time
317,Cloud,On-site,"Tel Aviv-Yafo, Tel Aviv District, Israel",R&D,Full time
318,Cloud,Remote,Switzerland,,
319,Cloud,Remote,United States,Media & Entertainment,Contract
320,Cloud,Remote,"Mandaluyong, Metro Manila, Philippines",IT Development,Full time
321,Cloud,Remote,United Kingdom,UK,Full time
322,Cloud,Hybrid,"Kathmandu, Bagmati Province, Nepal",Engineering,Full time
323,Cloud,Remote,"Malmö, Skåne County, Sweden",,Full time
324,Cloud,Remote,"Coimbra, Coimbra District, Portugal",Engineering,Full time
325,Cloud,Hybrid,"London, England, United Kingdom",Engineering,Full time
326,Cloud,Hybrid,"Kuala Lumpur, Federal Territory of Kuala Lumpur, Malaysia",Finance,Full time
327,Cloud,Hybrid,"San Francisco, California, United States",,Full time
328,Cloud,Remote,"Tampa, Florida, United States",Information Technology,Full time
329,Cloud,Hybrid,"Alpharetta, Georgia, United States",R&D,Full time
330,Cloud,Remote,"Toronto, Ontario, Canada",,Full time
331,Cloud,On-site,"Bangkok, Bangkok, Thailand",Data Engineer,Full time
332,Cloud,Remote,"South Jakarta, South Jakarta City, Indonesia",Technology,Full time
333,Cloud,Hybrid,"Bengaluru, Karnataka, India",DevSecOps,Full time
334,Cloud,Remote,"Wrocław, Lower Silesian Voivodeship, Poland",,Full time
335,Cloud,On-site,,,
336,Cloud,On-site,"Gurugram, Haryana, India",Information Technology,Full time
337,Cloud,On-site,"İstanbul, İstanbul, Turkey",Development,Full time
338,Cloud,Hybrid,"Witney, England, United Kingdom",Permanent,Full time
339,Cloud,On-site,"Heidelberg, Baden-Württemberg, Germany",,Full time
340,Cloud,Remote,"Houston, Texas, United States",,Contract
341,Cloud,Hybrid,"Reading, England, United Kingdom",BizApps,Full time
342,Cloud,On-site,Jordan,,
343,Cloud,Remote,"Dallas, Texas, United States",,Full time
344,Cloud,,"Lakewood, New Jersey, United States","Engineering, Software Development",Full time
345,Data Scientist,Hybrid,"Bengaluru, Karnataka, India",Product,Full time
346,Data Scientist,Hybrid,"Bengaluru, Karnataka, India",Product,Full time
347,Data Scientist,On-site,"Gurugram, Haryana, India",Research,Full time
348,Data Scientist,Remote,Brazil,,Full time
349,Data Scientist,On-site,"Brussels, Brussels, Belgium",Data Science,Full time
350,Data Scientist,On-site,"Dubai, Dubai, United Arab Emirates",Data Solutions,Full time
351,Data Scientist,Remote,Greece,Information Technology,Full time
352,Data Scientist,,,,
353,Data Scientist,Remote,"Delhi, Delhi, India",HR,Full time
354,Data Scientist,Remote,,Data Analytics & Research,Full time
355,Data Scientist,Hybrid,"Bengaluru, Karnataka, India",Product,Full time
356,Data Scientist,Hybrid,"Bengaluru, Karnataka, India",Product,Full time
357,Data Scientist,On-site,"Gurugram, Haryana, India",Research,Full time
358,Data Scientist,On-site,"Brussels, Brussels, Belgium",Data Science,Full time
359,Data Scientist,Remote,Brazil,,Full time
360,Data Scientist,On-site,"Brussels, Brussels, Belgium",Data Science,Full time
361,Data Scientist,On-site,"Dubai, Dubai, United Arab Emirates",Data Solutions,Full time
362,Data Scientist,Remote,Greece,Information Technology,Full time
363,Data Scientist,Remote,"Delhi, Delhi, India",HR,Full time
364,Data Scientist,On-site,,,Full time
365,Data Scientist,,,,
366,Data Scientist,Hybrid,"Bengaluru, Karnataka, India",Product,Full time
367,Data Scientist,On-site,"Boulder, Colorado, United States",Business Operations,Full time
368,Data Scientist,On-site,"Melbourne, Victoria, Australia",QR_AU - Engineering Services,Full time
369,Data Scientist,On-site,"Gurugram, Haryana, India",Information Technology,Full time
370,Data Scientist,On-site,"Cairo, Cairo Governorate, Egypt",Finance,Full time
371,Data Scientist,Remote,"Jakarta, Jakarta, Indonesia",Data,Full time
372,Data Scientist,On-site,"Jeddah, Makkah Province, Saudi Arabia",Data and Analytics,Full time
373,Data Scientist,On-site,"Stamford, Connecticut, United States",Research,Full time
374,Data Scientist,Hybrid,"London, England, United Kingdom","Business Operations, Analytics & Data Science",Full time
375,Data Scientist,On-site,"Taipei, Taipei City, Taiwan",,Full time
376,Data Scientist,Remote,"Arlington, Virginia, United States",Data Analytics & Research,Full time
377,Data Scientist,Remote,Brazil,,Full time
378,Data Scientist,Remote,"Paris, Île-de-France, France",Data Science,
379,Data Scientist,Hybrid,"London, England, United Kingdom","Tech, Analytics, Product & Design",Full time
380,Data Scientist,Remote,"Louisville, Colorado, United States",Delivery,Full time
381,Data Scientist,On-site,"Bengaluru, Karnataka, India",IT,Full time
382,Data Scientist,On-site,"Sydney, New South Wales, Australia",Sales,Full time
383,Data Scientist,,,,
384,Data Scientist,On-site,"London, England, United Kingdom",Product,Full time
385,Data Scientist,On-site,"Taipei, Taipei City, Taiwan",,Full time
386,Data Scientist,,"Arlington, Virginia, United States",Data Analytics & Research,Full time
387,Data Scientist,Remote,Brazil,,Full time
388,Data Scientist,Remote,"Paris, Île-de-France, France",Data Science,
389,Data Scientist,Hybrid,"London, England, United Kingdom","Tech, Analytics, Product & Design",Full time
390,Data Scientist,Remote,"Louisville, Colorado, United States",Delivery,Full time
391,Data Scientist,On-site,"Bengaluru, Karnataka, India",IT,Full time
392,Data Scientist,On-site,"Sydney, New South Wales, Australia",Sales,Full time
393,Data Scientist,,,,
394,Data Scientist,On-site,"London, England, United Kingdom",Product,Full time
395,Data Scientist,Remote,"Federal Territory of Kuala Lumpur, Malaysia",Data,Full time
396,Data Scientist,Hybrid,"Bengaluru, Karnataka, India",Product,Full time
397,Data Scientist,On-site,"Gurugram, Haryana, India",Information Technology,Full time
398,Data Scientist,On-site,"Cairo, Cairo Governorate, Egypt",1,
399,Data Scientist,On-site,"Taipei, Taipei City, Taiwan",,Full time
400,Data Scientist,Hybrid,"Paris, Île-de-France, France",Tech,Full time
401,Data Scientist,Hybrid,"Shibuya, Tokyo, Japan",Engineering,Full time
402,Data Scientist,Remote,"Toronto, Ontario, Canada",Data Science,Full time
403,Data Scientist,On-site,"Atlanta, Georgia, United States",Data Science,Full time
404,Data Scientist,Hybrid,"London, England, United Kingdom","B2C, Sales",Full time
405,Data Scientist,On-site,France,Data Science,
406,Data Scientist,Remote,"Federal Territory of Kuala Lumpur, Malaysia",Data,Full time
407,Data Scientist,On-site,"New York, New York, United States",Engineering,Full time
408,Data Scientist,Remote,"London, England, United Kingdom",Data Science,Full time
409,Data Scientist,On-site,"Issy-les-Moulineaux, Île-de-France, France",Data Science,Full time
410,Data Scientist,On-site,"Cairo, Cairo, Egypt",Software Development,
411,Data Scientist,Remote,"Paris, Île-de-France, France",Data Science,Full time
412,Data Scientist,Remote,"Palo Alto, California, United States",Engineering,Full time
413,Data Scientist,Remote,"Lagos, Lagos, Nigeria",Data Science,Full time
414,Data Scientist,On-site,"Chicago, Illinois, United States",,Full time
415,Data Scientist,Hybrid,"San Francisco, California, United States",Sales,Full time
416,Data Scientist,Remote,"West Jakarta, West Jakarta City, Indonesia",Data,Temporary
417,Data Scientist,Remote,Philippines,,Full time
418,Data Scientist,On-site,"Berlin, Berlin, Germany",Working Students / Internships,Other
419,Data Scientist,On-site,"Gurugram, Haryana, India",Research,Full time
420,Data Scientist,Remote,United States,"Cloud, Data Science & Informatics Services",Full time
421,Data Scientist,Remote,United States,Engineering,Full time
422,Data Scientist,On-site,"Stamford, Connecticut, United States",Research,Full time
423,Data Scientist,On-site,Singapore,Strategic Projects,Full time
424,Data Scientist,Remote,,Product,
425,Data Scientist,On-site,"Toronto, Ontario, Canada",Data Engineering,Full time
426,Data Scientist,Remote,,Product,Full time
427,Data Scientist,Remote,United Kingdom,Technology - Machine Learning,Full time
428,Data Scientist,On-site,"Bangkok, Bangkok, Thailand",Data Engineer,Full time
429,Data Scientist,On-site,"London, England, United Kingdom",Data Science,
430,Data Scientist,On-site,"Jersey City, New Jersey, United States",Data Engineering,Full time
431,Data Scientist,Hybrid,"London, England, United Kingdom",Platform and Products,Full time
432,Data Scientist,On-site,"Astana, Aqmola oblısı, Kazakhstan",TECH,Full time
433,Data Scientist,On-site,"Taipei, Taipei City, Taiwan",Engineering,Full time
434,Data Scientist,On-site,"Atlanta, Georgia, United States",Data Science,Full time
435,Data Scientist,On-site,"Dubai, Dubai, United Arab Emirates",Corporate,Full time
436,Data Scientist,On-site,"Tampa, Florida, United States",WWC Global - BC,Full time
437,Data Scientist,Remote,United States,Technology Division,Full time
438,Data Scientist,Remote,Germany,FullTime,Full time
439,Data Scientist,Remote,United States,Finance,Full time
440,Data Scientist,Remote,"Lagos, Lagos, Nigeria",Data Science,Full time
441,Data Scientist,Remote,"Hyderabad, Telangana, India",Data Engineering,
442,Data Scientist,On-site,"Paris, Île-de-France, France",Data,Full time
443,Data Scientist,Remote,"Lisbon, Lisbon, Portugal",Engineering,Full time
444,Data Scientist,Remote,"Paris, Île-de-France, France",Product,Full time
445,Data Scientist,,,,
446,Data Scientist,On-site,"Charlotte, North Carolina, United States",Data,Full time
447,Data Scientist,Remote,"New York, New York, United States",,Full time
448,Data Scientist,On-site,"Walnut Creek, California, United States",R&D,Full time
449,Data Scientist,Remote,United States,Technology Division,Full time
450,Data Scientist,Remote,"Chicago, Illinois, United States",Data Engineering,Full time
451,Data Scientist,On-site,"Seoul, Seoul, Korea, Republic of",Research,Full time
452,Data Scientist,Remote,United States,Product,Full time
453,Data Scientist,Remote,Spain,BI,Full time
454,Data Scientist,On-site,"New York, New York, United States",Technology/Data,Full time
455,Data Scientist,Remote,United Kingdom,UK,Full time
456,Data Scientist,On-site,"Athens, Attica, Greece",GEK TERNA / ICT,Full time
457,Data Scientist,Remote,"London, England, United Kingdom",Climate,Full time
458,Data Scientist,On-site,"Lusaka, Lusaka Province, Zambia",Sustainable Agrifood Systems (SAS),Full time
459,Data Scientist,On-site,"Cairo, Cairo Governorate, Egypt",Data,Full time
460,Data Scientist,On-site,"Concord, New Hampshire, United States",Related Services,Full time
461,Data Scientist,On-site,"Dallas, Texas, United States",Data Engineering,Full time
462,Data Scientist,Remote,"Boston, Massachusetts, United States",Science & Knowledge,
463,Data Scientist,On-site,"Dubai, Dubai, United Arab Emirates",,Full time
464,Data Scientist,On-site,Singapore,Strategic Projects,Full time
465,Data Scientist,On-site,"Cheltenham or Bristol or London, England, United Kingdom",Engineering,Full time
466,Data Scientist,On-site,"Mandaluyong, Metro Manila, Philippines",IT Development,Full time
467,Data Scientist,Remote,United States,050000 Engineering,Full time
468,Data Scientist,Remote,"London, England, United Kingdom",Engineering,Full time
469,Data Scientist,Remote,"Seville, Andalusia, Spain",International BU,Full time
470,Data Scientist,On-site,"Bambey, Diourbel Region, Senegal",Dryland Crops Program,Full time
471,Data Scientist,On-site,"Bengaluru, Karnataka, India",Data & AI,Full time
472,Data Scientist,Remote,"Salt Lake City, Utah, United States","Supply Chain, Quality & Product Safety",Full time
473,Data Scientist,On-site,"London, England, United Kingdom",,Full time
474,Data Scientist,On-site,"Paris, Île-de-France, France",Technology,Full time
475,Data Scientist,On-site,"New Delhi, Delhi, India",,
476,Data Scientist,Remote,"Málaga, Andalusia, Spain",Product,Full time
477,Data Scientist,Remote,"Oxford, England, United Kingdom",Technology,Full time
478,Data Scientist,Remote,"Seville, Andalusia, Spain",International BU,Full time
479,Data Scientist,On-site,"Bambey, Diourbel Region, Senegal",Dryland Crops Program,Full time
480,Data Scientist,On-site,"Bengaluru, Karnataka, India",Data & AI,Full time
481,Data Scientist,Remote,"Salt Lake City, Utah, United States","Supply Chain, Quality & Product Safety",Full time
482,Data Scientist,On-site,"London, England, United Kingdom",,Full time
483,Data Scientist,On-site,"Paris, Île-de-France, France",Technology,Full time
484,Data Scientist,On-site,"New Delhi, Delhi, India",,
485,Data Scientist,Remote,"Málaga, Andalusia, Spain",Product,Full time
486,Data Scientist,Remote,"Oxford, England, United Kingdom",Technology,Full time
487,Data Scientist,Hybrid,"Melbourne, Victoria, Australia",Platform Product,Full time
488,Data Scientist,,,,
489,Data Scientist,Hybrid,"London, England, United Kingdom","Business Operations, Analytics & Data Science",Full time
490,Data Scientist,On-site,"Sheffield, England, United Kingdom",,Full time
491,Data Scientist,,,,
492,Data Scientist,On-site,"Athens, Attica, Greece",,Full time
493,Data Scientist,Hybrid,"Phra Khanong, Bangkok, Thailand",Data Science,Full time
494,Data Scientist,,,"Talent Pools, Product & Tech, AI",
495,Data Scientist,Remote,United States,Academic Instruction,
496,Data Scientist,Hybrid,"Jeddah, Makkah Province, Saudi Arabia",Data and Analytics,Full time
497,Data Scientist,On-site,"Copenhagen, Capital Region of Denmark, Denmark",Product and Design,
498,Data Scientist,Remote,"West Jakarta, West Jakarta City, Indonesia",Data,Temporary
499,Data Scientist,Remote,"Westfield, New Jersey, United States",Client Fulfillment,Full time
500,Data Scientist,Remote,"New York, New York, United States",Open Source,Full time
501,Data Scientist,,,,
502,Data Scientist,On-site,United Kingdom,,
503,Data Scientist,On-site,"Lusaka, Lusaka Province, Zambia",Sustainable Agrifood Systems (SAS),Full time
504,Data Scientist,On-site,"Singapore, Singapore, Singapore",Operations SG,Full time
505,Data Scientist,,,,
506,Data Scientist,Hybrid,"London, England, United Kingdom",Data & Analytics,Full time
507,Data Scientist,Hybrid,"London, England, United Kingdom",Technology & Data,Full time
508,Data Scientist,,,,
509,Data Scientist,On-site,"Baghdad, Baghdad Governorate, Iraq",Research and Development,
510,Data Scientist,Hybrid,"Melbourne, Victoria, Australia",Delivery,Full time
511,Data Scientist,Remote,"Charlotte, North Carolina, United States",Customer Success,Full time
512,Data Scientist,Remote,"London, England, United Kingdom",Marketing,Part time
513,Data Scientist,Remote,"Coimbra, Coimbra District, Portugal",Engineering,Full time
514,Data Scientist,On-site,"Bengaluru, Karnataka, India",Engineering,Full time
515,Data Scientist,On-site,"Bakersfield, California, United States",Field Services,Temporary
516,Data Scientist,Hybrid,"Kathmandu, Bagmati Province, Nepal",Engineering,Full time
517,Data Scientist,Hybrid,"New York, New York, United States",Media Planning,Full time
518,Data Scientist,Remote,United Kingdom,"Engineering, Data Engineering",Full time
519,Data Scientist,On-site,"New York, New York, United States",Corporate,Full time
520,Data Scientist,Remote,"Dubai, Dubai, United Arab Emirates",,Full time
521,Data Scientist,On-site,"Pune, Maharashtra, India",Quality Assurance & Test Engineering,Full time
522,Data Scientist,Remote,"Washington, District of Columbia, United States",Food & Environment,Full time
523,Data Scientist,Remote,"Indianapolis, Indiana, United States",Product & Engineering,
524,Data Scientist,Remote,"Dubai, Dubai, United Arab Emirates",,Full time
525,Data Scientist,On-site,"Freetown, Western Area, Sierra Leone",Private Schools,Temporary
526,Data Scientist,On-site,"San Leandro, California, United States",Business Operations,Full time
527,Data Scientist,Remote,"Arlington, Virginia, United States",Data Analytics & Research,Full time
528,Data Scientist,Remote,"Bristol, England, United Kingdom",,Full time
529,Data Scientist,Hybrid,"Paris, Île-de-France, France",Tech,Full time
530,Data Scientist,On-site,"London, England, United Kingdom",,Contract
531,Data Scientist,Remote,,Client Services,Full time
532,Data Scientist,Remote,"Washington, District of Columbia, United States",Food & Environment,Full time
533,Data Scientist,On-site,"UK, United Kingdom, United Kingdom",Data+,
534,Data Scientist,Remote,United Kingdom,Sales,Full time
535,HR,On-site,"Mandaluyong, Metro Manila, Philippines",General,Contract
536,HR,On-site,"Baghdad, Baghdad Governorate, Iraq",Human Resources,Full time
537,HR,Remote,India,Human Resources,Full time
538,HR,Remote,,General & Administrative,Full time
539,HR,Hybrid,"Canary Wharf, England, United Kingdom",Corporate support,Full time
540,HR,On-site,"Rockville, Maryland, United States",LS&S HQ,Full time
541,HR,Remote,Australia,CX Delivery (Managed & Guided Implementations),Full time
542,HR,On-site,"Sydney, New South Wales, Australia",Sales,Full time
543,HR,Remote,Vietnam,Engineering,Full time
544,HR,On-site,"Mandaluyong, Metro Manila, Philippines",,Contract
545,HR,On-site,"Lusaka, Lusaka Province, Zambia","Africa, Programs",Full time
546,HR,On-site,"Baghdad, Baghdad Governorate, Iraq",Human Resources,Full time
547,HR,Remote,India,Human Resources,Full time
548,HR,Remote,,General & Administrative,Full time
549,HR,On-site,"Rockville, Maryland, United States",LS&S HQ,Full time
550,HR,Remote,Australia,CX Delivery (Managed & Guided Implementations),Full time
551,HR,Remote,Vietnam,Engineering,Full time
552,HR,On-site,"Gurugram, Haryana, India",HR,Full time
553,HR,On-site,"Mandaluyong, Metro Manila, Philippines",General,Contract
554,HR,On-site,"Lusaka, Lusaka Province, Zambia","Africa, Programs",Full time
555,HR,On-site,"Baghdad, Baghdad Governorate, Iraq",Human Resources,Full time
556,HR,Remote,India,Human Resources,Full time
557,HR,Remote,,General & Administrative,Full time
558,HR,On-site,"Rockville, Maryland, United States",LS&S HQ,Full time
559,HR,Remote,Australia,CX Delivery (Managed & Guided Implementations),Full time
560,HR,Remote,Vietnam,Engineering,Full time
561,HR,On-site,"Gurugram, Haryana, India",HR,Full time
562,HR,On-site,"Uxbridge, England, United Kingdom",,Full time
563,HR,Hybrid,"Canary Wharf, England, United Kingdom",Corporate support,Full time
564,HR,On-site,"Rockville, Maryland, United States",LS&S HQ,Full time
565,HR,On-site,"Industrial Area, Al Rayyan Municipality, Qatar",Electrical,Full time
566,HR,Hybrid,"Mumbai, Maharashtra, India",India,
567,HR,Remote,"Arizona, United States",,
568,HR,On-site,"Gurugram, Haryana, India",Information Technology,Full time
569,HR,Remote,"San José, San José Province, Costa Rica",,Contract
570,HR,On-site,"Cairo, Cairo Governorate, Egypt",Human Resources,Full time
571,HR,On-site,"Lusaka, Lusaka Province, Zambia",Sustainable Agrifood Systems (SAS),Full time
572,HR,On-site,"Uxbridge, England, United Kingdom",,Full time
573,HR,,"Canary Wharf, England, United Kingdom",Corporate support,Full time
574,HR,On-site,"Rockville, Maryland, United States",LS&S HQ,Full time
575,HR,On-site,"Industrial Area, Al Rayyan Municipality, Qatar",Electrical,Full time
576,HR,Hybrid,"Mumbai, Maharashtra, India",India,
577,HR,Remote,"Arizona, United States",,
578,HR,On-site,"Gurugram, Haryana, India",Information Technology,Full time
579,HR,Remote,"San José, San José Province, Costa Rica",,Contract
580,HR,On-site,"Cairo, Cairo Governorate, Egypt",Human Resources,Full time
581,HR,On-site,"Lusaka, Lusaka Province, Zambia",Sustainable Agrifood Systems (SAS),
582,HR,On-site,"Athens, Attica, Greece",HERON / ENERGY MANAGEMENT,
583,HR,On-site,"Port Harcourt, Rivers, Nigeria",,Full time
584,HR,On-site,"London, England, United Kingdom","People, People",Full time
585,HR,On-site,"Singapore, Singapore, Singapore",Design and Development,Part time
586,HR,On-site,"Fort Myers, Florida, United States",Construction,Full time
587,HR,Remote,Vietnam,Engineering,Full time
588,HR,On-site,"Brussels, Brussels, Belgium",Human Resources,Full time
589,HR,Remote,"Manila, Metro Manila, Philippines",Legal VA,Full time
590,HR,,,,
591,HR,On-site,"Coldstream, Victoria, Australia",Winery,
592,HR,Remote,"California, United States",Talent,Contract
593,HR,On-site,"Dhahran, Eastern Province, Saudi Arabia",HCM,Full time
594,HR,On-site,"Riyadh, Riyadh Province, Saudi Arabia",Agility Logistics Parks,Full time
595,HR,On-site,"Central Jakarta, Central Jakarta City, Indonesia",AYANA Jakarta,Full time
596,HR,On-site,"Pekanbaru, Pekanbaru City, Indonesia",People & Culture,Other
597,HR,Remote,United Kingdom,Product Design,Full time
598,HR,On-site,"Piraeus, Attica, Greece",HR+T,
599,HR,On-site,"Gurugram, Haryana, India",HR,Full time
600,HR,On-site,"Riyadh, Riyadh Province, Saudi Arabia","HQ - Shared Services, HR",Full time
601,HR,,,General & Administrative,Full time
602,HR,On-site,"Bengaluru, Karnataka, India","Keywords India, HR",Full time
603,HR,On-site,"New Delhi, Delhi, India",,
604,HR,On-site,"Seattle, Washington, United States",,Full time
605,HR,Hybrid,"Paddington, England, United Kingdom",Human Resources,Full time
606,HR,On-site,"New York, New York, United States",Growth + Marketing,Full time
607,HR,Remote,"Rosslyn, Virginia, United States",Sales,Full time
608,HR,On-site,"Ndola, Copperbelt Province, Zambia",DCP - HR,Full time
609,HR,On-site,"Ndola, Copperbelt Province, Zambia",DCP - HR,Full time
610,HR,On-site,"Victoria, England, United Kingdom",Editorial,Full time
611,HR,On-site,"Athens, Attica, Greece",,Full time
612,HR,Remote,"Mesa, Arizona, United States",Operations,Full time
613,HR,Remote,Vietnam,Engineering,Full time
614,HR,Remote,Australia,CX Delivery (Managed & Guided Implementations),Full time
615,HR,Remote,"Ho Chi Minh City, Vietnam",Engineering,Full time
616,HR,On-site,"Ilorin, Kwara, Nigeria",People Operations & Admin,Full time
617,HR,On-site,"Mandaluyong, Metro Manila, Philippines",General,Contract
618,HR,Hybrid,"London, Ontario, Canada",Marketing,Full time
619,HR,On-site,"Lusaka, Lusaka Province, Zambia","Africa, Programs",Full time
620,HR,On-site,"Downingtown, Chester County, United States","CCRES Behavioral Health Services, Home & Community Services (Intensive Behavioral Health Services)",Part time
621,HR,On-site,"Monterey, California, United States","Student, Presidents Office - Student Employee, 1107 - MIDD KWDCCT-Rural Vermont Responses - Student Employee",
622,HR,On-site,"London, England, United Kingdom",,Full time
623,HR,On-site,"London, England, United Kingdom",Production,Full time
624,HR,Remote,Vietnam,Engineering,Full time
625,HR,Remote,"San Francisco, California, United States",Operations,Full time
626,HR,On-site,"Virginia Beach, Virginia, United States",Corporate Strategy,Full time
627,HR,Remote,,Development,Full time
628,HR,On-site,"Lusaka, Lusaka Province, Zambia","Africa, Programs",Full time
629,HR,On-site,"Downingtown, Chester County, United States","CCRES Behavioral Health Services, Home & Community Services (Intensive Behavioral Health Services)",Part time
630,HR,On-site,"Monterey, California, United States","Student, Presidents Office - Student Employee, 1107 - MIDD KWDCCT-Rural Vermont Responses - Student Employee",
631,HR,On-site,"London, England, United Kingdom",,Full time
632,HR,On-site,"London, England, United Kingdom",Production,Full time
633,HR,Remote,Vietnam,Engineering,Full time
634,HR,Remote,"San Francisco, California, United States",Operations,Full time
635,HR,On-site,"Virginia Beach, Virginia, United States",Corporate Strategy,Full time
636,HR,Remote,,Development,Full time
637,HR,On-site,"Erie, Pennsylvania, United States",Eriez,Full time
638,HR,Hybrid,"Tampa, Florida, United States",Client Services,Full time
639,HR,Hybrid,"Pasig, Metro Manila, Philippines",Corporate,Full time
640,HR,On-site,"Zürich, Zurich, Switzerland",Customer Experience,Temporary
641,HR,Remote,"Santa Ana, California, United States",Sales,Full time
642,HR,Remote,"California, United States",Talent,Contract
643,HR,On-site,"Athens, Attica, Greece",,
644,HR,Remote,Brazil,Product and technology,
645,HR,On-site,"Kissimmee, Florida, United States",Osceola,Full time
646,HR,On-site,"Erie, Pennsylvania, United States",Eriez,Full time
647,HR,Hybrid,"Tampa, Florida, United States",Client Services,Full time
648,HR,Hybrid,"Pasig, Metro Manila, Philippines",Corporate,Full time
649,HR,On-site,"Zürich, Zurich, Switzerland",Customer Experience,Temporary
650,HR,Remote,"Santa Ana, California, United States",Sales,Full time
651,HR,Remote,"California, United States",Talent,Contract
652,HR,On-site,"Athens, Attica, Greece",,
653,HR,Remote,Brazil,Product and technology,
654,HR,On-site,"Kissimmee, Florida, United States",Osceola,Full time
655,HR,On-site,"Sydney, New South Wales, Australia",Sales,Full time
656,HR,,,,
657,HR,Hybrid,"London, England, United Kingdom","Communications, Diversity & Inclusion",Full time
658,HR,Hybrid,"London, Ontario, Canada",Marketing,Full time
659,HR,Remote,"Toronto, Ontario, Canada",,Full time
660,HR,On-site,"Ota, Ogun, Nigeria",Dangote Industries Limited,Full time
661,HR,On-site,"Islamabad, Islamabad Capital Territory, Pakistan",Human Resources,Full time
662,HR,Remote,"Perth, Western Australia, Australia",Customer Support,Full time
663,HR,On-site,"Lagos, Lagos, Nigeria",DCP - HR,Full time
664,HR,On-site,"Mumbai, Maharashtra, India","Market Unit International, MU Int India",Full time
665,HR,Hybrid,"Milan, Metropolitan City of Milan, Italy",Strategy & BI,Full time
666,HR,On-site,"Suginami, Tokyo, Japan",Game Testing,Part time
667,HR,On-site,"Suginami, Tokyo, Japan",Game Testing,Part time
668,HR,Remote,"Dallas, Texas, United States",,Full time
669,HR,Remote,"Portland, Oregon, United States",Sales,Full time
670,HR,Remote,United States,1 - Operations,Full time
671,HR,On-site,"Middlebury, Vermont, United States","Student, Finance and Administration - Student Employee, Human Resources - Student Employee, 1304 - Human Resources - Student Employee",
672,HR,On-site,"Hyderabad, Telangana, India",Recruiting,Full time
673,HR,Remote,United States,Client Fulfillment,Full time
674,HR,Remote,Vietnam,Engineering,Full time
675,HR,Remote,Vietnam,Engineering,Full time
676,HR,On-site,"New Cairo City, Cairo Governorate, Egypt",22,
677,HR,Hybrid,"Birmingham, England, United Kingdom",Central Services,
678,HR,,"Paiania, Attica, Greece","Energy Sector, M Energy Customer Solutions",Full time
679,HR,Remote,,Product,Full time
680,HR,On-site,"Cairo, Cairo Governorate, Egypt",Nationally Recruited Staff,
681,HR,Hybride,"Bruxelles, Bruxelles, Belgique",People,Temps plein
682,HR,On-site,"Los Angeles, California, United States",Operations LAX,Part time
683,HR,Hybrid,"London, England, United Kingdom","Operations & Finance, People",Full time
684,HR,,,,
685,HR,On-site,"Freetown, Western Area, Sierra Leone",International Division,Full time
686,HR,Remote,"Rockville, Maryland, United States","Client Delivery, Digital Transformation",Part time
687,HR,On-site,"Kallithea, Greece",Human Resources,Full time
688,HR,Hybrid,"Toronto, Ontario, Canada",The Canadian Press,Full time
689,HR,Remote,"Boston, Massachusetts, United States","Operations, Sales",Full time
690,HR,On-site,"Riyadh, Riyadh Province, Saudi Arabia",Corporate,Full time
691,HR,Hybrid,"Taguig, Metro Manila, Philippines",Sales,Full time
692,HR,Hybrid,"Athens, Attica, Greece",Human Resources,Full time
693,HR,On-site,"Dallas, Texas, United States",,Full time
694,HR,On-site,"Valley Stream, New York, United States",,Full time
695,HR,On-site,"Hyderabad, Telangana, India",Human Resources,Full time
696,HR,On-site,"Mathern, Chepstow, United Kingdom",Ref: 117,Full time
697,HR,Remote,"Metro Manila, Philippines",Tier 2 PH,Full time
698,HR,On-site,"Tampa, Florida, United States",Professional Services,Full time
699,HR,,,,
700,HR,Remote,,HR Department,Full time
701,HR,Remote,"London, England, United Kingdom",Operations,Full time
702,HR,On-site,"Boston, Massachusetts, United States",Freelance Recruiters :D,Full time
703,HR,Remote,Philippines,INTERNAL,Contract
704,HR,Hybrid,"Washington, District of Columbia, United States",Autonomy Products,Full time
705,HR,On-site,"Cairo, Cairo Governorate, Egypt",Human Resources,Full time
706,HR,On-site,"Taguig, Metro Manila, Philippines",Legal,Full time
707,HR,Remote,Vietnam,,
708,HR,Remote,,HR Department,Full time
709,HR,Remote,"London, England, United Kingdom",Operations,Full time
710,HR,On-site,"Boston, Massachusetts, United States",Freelance Recruiters :D,Full time
711,HR,Remote,Philippines,INTERNAL,Contract
712,HR,Hybrid,"Washington, District of Columbia, United States",Autonomy Products,Full time
713,HR,On-site,"Cairo, Cairo Governorate, Egypt",Human Resources,Full time
714,HR,On-site,"Taguig, Metro Manila, Philippines",Legal,Full time
715,Software Developer,On-site,"Knutsford, England, United Kingdom",Technology Tribe,Full time
716,Software Developer,On-site,"Madrid, Community of Madrid, Spain",Portfolio Company Community,Full time
717,Software Developer,On-site,"San Pedro Sula, Cortés Department, Honduras",Technology,Full time
718,Software Developer,Remote,"Baltimore, Maryland, United States",,Full time
719,Software Developer,On-site,"Bulverde, Texas, United States",Engineering,Full time
720,Software Developer,Remote,United States,Federal Civilian,Full time
721,Software Developer,Remote,"Scottsdale, Arizona, United States",Technology,Full time
722,Software Developer,Hybrid,"Toronto, Ontario, Canada",Software Development,Full time
723,Software Developer,On-site,"Tehran, Tehran, Iran, Islamic Republic of",Engineering,
724,Software Developer,,,,
725,Software Developer,On-site,"Knutsford, England, United Kingdom",Technology Tribe,Full time
726,Software Developer,On-site,"Madrid, Community of Madrid, Spain",Portfolio Company Community,Full time
727,Software Developer,On-site,"San Pedro Sula, Cortés Department, Honduras",Technology,Full time
728,Software Developer,Remote,"Baltimore, Maryland, United States",,Full time
729,Software Developer,On-site,"Bulverde, Texas, United States",Engineering,Full time
730,Software Developer,Remote,"San Francisco, California, United States",SFW,Full time
731,Software Developer,On-site,"Dubai, Dubai, United Arab Emirates",Digital Solutions,Full time
732,Software Developer,On-site,"Madrid, Community of Madrid, Spain",Engineering,Full time
733,Software Developer,Sur cite,"Montréal, Québec, Canada",Développement Logiciel,Temps plein
734,Software Developer,Remote,"Scottsdale, Arizona, United States",Technology,Full time
735,Software Developer,Remote,"Wrocław, Lower Silesian Voivodeship, Poland",Ryanair Labs Wrocław,Full time
736,Software Developer,Remote,Spain,,Full time
737,Software Developer,On-site,"San Pedro Sula, Cortés Department, Honduras",Technology,Full time
738,Software Developer,Remote,"New York, New York, United States","InfoTrack US, Technology",Full time
739,Software Developer,On-site,"Cape Town, Western Cape, South Africa",Engineering,Full time
740,Software Developer,Remote,"San Francisco, California, United States",SFW,Full time
741,Software Developer,On-site,"Dubai, Dubai, United Arab Emirates",Digital Solutions,Full time
742,Software Developer,On-site,"Madrid, Community of Madrid, Spain",Engineering,Full time
743,Software Developer,Sur cite,"Montréal, Québec, Canada",Développement Logiciel,Temps plein
744,Software Developer,Remote,"Scottsdale, Arizona, United States",Technology,Full time
745,Software Developer,Remote,"Wrocław, Lower Silesian Voivodeship, Poland",Ryanair Labs Wrocław,Full time
746,Software Developer,Remote,Spain,,Full time
747,Software Developer,On-site,"San Pedro Sula, Cortés Department, Honduras",Technology,Full time
748,Software Developer,Remote,"New York, New York, United States","InfoTrack US, Technology",Full time
749,Software Developer,On-site,"Cape Town, Western Cape, South Africa",Engineering,Full time
750,Software Developer,Remote,Spain,,
751,Software Developer,On-site,"Redmond, Washington, United States",Engineering,Full time
752,Software Developer,On-site,"Tehran, Tehran, Iran, Islamic Republic of",Engineering,
753,Software Developer,Hybrid,"Stockholm, Stockholm County, Sweden",,Full time
754,Software Developer,On-site,"Dublin, County Dublin, Ireland",Ryanair Labs Dublin,Full time
755,Software Developer,Remote,"Burlingame, California, United States",Engineering,Full time
756,Software Developer,On-site,"Mandaluyong, Metro Manila, Philippines",IT Development,
757,Software Developer,Remote,"Florianópolis, State of Santa Catarina, Brazil",DELIV2,Full time
758,Software Developer,,,,
759,Software Developer,On-site,"Minato City, Tokyo, Japan",Mercari,Temporary
760,Software Developer,Remote,,Operation,Full time
761,Software Developer,Hybrid,"London, England, United Kingdom","Engine, Engineering, Software Engineering",Full time
762,Software Developer,On-site,"Kuwait City, Al Asimah Governate, Kuwait",PWC Technologies,Full time
763,Software Developer,Remote,"Arlington, Virginia, United States",Development,Full time
764,Software Developer,Remote,"Seville, Andalusia, Spain",International BU,Full time
765,Software Developer,Remote,South Africa,DevOps,Full time
766,Software Developer,Hybrid,"Durban, KwaZulu-Natal, South Africa",MMR Research Worldwide,Full time
767,Software Developer,On-site,"San Pedro Sula, Cortés Department, Honduras",Technology,Full time
768,Software Developer,On-site,"Hyderabad, Telangana, India",Technology,Full time
769,Software Developer,Hybrid,"Cardiff, Wales, United Kingdom","Technology, Engineering, Software Engineering, Software Engineering",Full time
770,Software Developer,Remote,"Cairo, Cairo Governorate, Egypt",68,
771,Software Developer,Hybrid,"Eindhoven, North Brabant, Netherlands",University Value,Full time
772,Software Developer,Hybrid,"London, England, United Kingdom","Engineering, Software Engineering",Full time
773,Software Developer,Remote,United States,,
774,Software Developer,Remote,"Coimbra, Coimbra District, Portugal",Engineering,Full time
775,Software Developer,Remote,Canada,Technology,Full time
776,Software Developer,On-site,"Kingwood, Texas, United States",Kingwood,Full time
777,Software Developer,Hybrid,"Southampton, England, United Kingdom","Technology, Engineering, Software Engineering, Software Engineering",Full time
778,Software Developer,On-site,"Dubai, Dubai, United Arab Emirates",Sales,Full time
779,Software Developer,Hybrid,"Toronto, Ontario, Canada",Software Development,Full time
780,Software Developer,Remote,"London, London, United Kingdom",Platform,Full time
781,Software Developer,,"Dublin, County Dublin, Ireland",Technology,Full time
782,Software Developer,,,,
783,Software Developer,Hybrid,"Washington, District of Columbia, United States",Autonomy Products,Full time
784,Software Developer,Remote,"Ho Chi Minh City, Vietnam",Engineering,Full time
785,Software Developer,Sur cite,"Montréal, Québec, Canada",Technologie,Temps plein
786,Software Developer,On-site,"London, England, United Kingdom",Placement,Full time
787,Software Developer,Hybrid,"Oulu, North Ostrobothnia, Finland",Software Engineering,Full time
788,Software Developer,Remote,Brazil,Tech,Full time
789,Software Developer,Remote,"London, England, United Kingdom",Engineering,Full time
790,Software Developer,On-site,"Kent, Washington, United States",Engineering and Design,Full time
791,Software Developer,On-site,"Montreal, Quebec, Canada",Engineering,Full time
792,Software Developer,On-site,"Bulverde, Texas, United States",Engineering,Full time
793,Software Developer,On-site,"Austinmer, New South Wales, Australia",Trading,Full time
794,Software Developer,Remote,"Lakewood, New Jersey, United States","Engineering, Software Development",Full time
795,Software Developer,Hybrid,"London, England, United Kingdom","Technology, Engineering, Software Engineering, Software Engineering",Full time
796,Software Developer,On-site,"Karachi, Sindh, Pakistan",Technology - dubizzle labs,Full time
797,Software Developer,Remote,Brazil,Tech,Full time
798,Software Developer,Remote,"London, England, United Kingdom",Engineering,Full time
799,Software Developer,On-site,"Kent, Washington, United States",Engineering and Design,Full time
800,Software Developer,On-site,"Montreal, Quebec, Canada",Engineering,Full time
801,Software Developer,On-site,"Bulverde, Texas, United States",Engineering,Full time
802,Software Developer,On-site,"Austinmer, New South Wales, Australia",Trading,Full time
803,Software Developer,Remote,"Lakewood, New Jersey, United States","Engineering, Software Development",Full time
804,Software Developer,Hybrid,"London, England, United Kingdom","Technology, Engineering, Software Engineering, Software Engineering",Full time
805,Software Developer,On-site,"Karachi, Sindh, Pakistan",Technology - dubizzle labs,Full time
806,Software Developer,On-site,"Tel Aviv, Tel Aviv District, Israel",Israel,Full time
807,Software Developer,On-site,"New York, New York, United States",Infrastructure,Full time
808,Software Developer,On-site,"Cairo, Cairo Governorate, Egypt",35,
809,Software Developer,On-site,"Tel Aviv-Yafo, Tel Aviv District, Israel",R&D,Full time
810,Software Developer,Remote,"Ottawa, Ontario, Canada",Information Technology,Full time
811,Software Developer,On-site,"Cairo, Cairo Governorate, Egypt",Software Development,Full time
812,Software Developer,Remote,South Africa,DevOps,Full time
813,Software Developer,On-site,"Knutsford, England, United Kingdom",Technology Tribe,Full time
814,Software Developer,On-site,"İstanbul, İstanbul, Turkey",Development,Full time
815,Software Developer,On-site,"Tel Aviv, Tel Aviv District, Israel",Israel,Full time
816,Software Developer,On-site,"New York, New York, United States",Infrastructure,Full time
817,Software Developer,On-site,"Cairo, Cairo Governorate, Egypt",35,
818,Software Developer,On-site,"Tel Aviv-Yafo, Tel Aviv District, Israel",R&D,Full time
819,Software Developer,Remote,"Ottawa, Ontario, Canada",Information Technology,Full time
820,Software Developer,On-site,"Cairo, Cairo Governorate, Egypt",Software Development,Full time
821,Software Developer,Remote,South Africa,DevOps,Full time
822,Software Developer,On-site,"Knutsford, England, United Kingdom",Technology Tribe,Full time
823,Software Developer,On-site,"İstanbul, İstanbul, Turkey",Development,Full time
824,Software Developer,Hybrid,"Shibuya, Tokyo, Japan",Engineering,Full time
825,Software Developer,Remote,"Texas, United States",,Full time
826,Software Developer,Remote,"Mandaluyong, Metro Manila, Philippines",IT Development,Full time
827,Software Developer,Hybrid,"Tehran, Tehran, Iran, Islamic Republic of",Engineering,
828,Software Developer,Remote,United States,Federal Civilian,Full time
829,Software Developer,Remote,,Engineering Department,Contract
830,Software Developer,On-site,"Lagos, Lagos, Nigeria",Dancom Technologies Limited,Full time
831,Software Developer,On-site,"Cape Town, Western Cape, South Africa",DevOps,Full time
832,Software Developer,On-site,"Wilayah Persekutuan, Kuala Lumpur, Malaysia",Engineering,Full time
833,Software Developer,Remote,"Athens, Attica, Greece",DELIV1,Full time
834,Software Developer,Hybrid,"Shibuya, Tokyo, Japan",Engineering,Full time
835,Software Developer,Remote,"Texas, United States",,Full time
836,Software Developer,Remote,"Mandaluyong, Metro Manila, Philippines",IT Development,Full time
837,Software Developer,Hybrid,"Tehran, Tehran, Iran, Islamic Republic of",Engineering,
838,Software Developer,Remote,United States,Federal Civilian,Full time
839,Software Developer,Remote,,Engineering Department,Contract
840,Software Developer,On-site,"Lagos, Lagos, Nigeria",Dancom Technologies Limited,Full time
841,Software Developer,On-site,"Cape Town, Western Cape, South Africa",DevOps,Full time
842,Software Developer,On-site,"Wilayah Persekutuan, Kuala Lumpur, Malaysia",Engineering,Full time
843,Software Developer,Remote,"Athens, Attica, Greece",DELIV1,Full time
844,Software Developer,On-site,"Suginami City, Tokyo, Japan",Game development,Full time
845,Software Developer,Hybrid,"London, England, United Kingdom",Engineering,
846,Software Developer,Remote,Uruguay,Engineering,Full time
847,Software Developer,On-site,"Porto, Porto District, Portugal",Ryanair Labs Portugal,
848,Software Developer,Remote,"Johannesburg South, Gauteng, South Africa",DevOps,Full time
849,Software Developer,,,,
850,Software Developer,Remote,Ukraine,2023,Temporary
851,Software Developer,Remote,"Indianapolis, Indiana, United States",Product & Engineering,
852,Software Developer,Remote,"Boston, Massachusetts, United States",Commercial,Full time
853,Software Developer,On-site,"Chennai, Tamil Nadu, India",Engineering,Full time
854,Software Developer,On-site,"Suginami City, Tokyo, Japan",Game development,Full time
855,Software Developer,Hybrid,"London, England, United Kingdom",Engineering,
856,Software Developer,Remote,Uruguay,Engineering,Full time
857,Software Developer,On-site,"Porto, Porto District, Portugal",Ryanair Labs Portugal,
858,Software Developer,Remote,"Johannesburg South, Gauteng, South Africa",DevOps,Full time
859,Software Developer,Hybrid,"Mechelen, Flanders, Belgium",Product Development,Full time
860,Software Developer,Remote,Ukraine,2023,Temporary
861,Software Developer,,"Indianapolis, Indiana, United States",Product & Engineering,
862,Software Developer,Remote,"Boston, Massachusetts, United States",Commercial,Full time
863,Software Developer,On-site,"Chennai, Tamil Nadu, India",Engineering,Full time
864,Software Developer,,"Bulverde, Texas, United States",Engineering,Other
865,Software Developer,,,,
866,Software Developer,On-site,"Issaquah, Washington, United States",IT,Full time
867,Software Developer,On-site,"Riyadh, Riyadh Province, Saudi Arabia","Data Management, IT Governance",Full time
868,Software Developer,Remote,"New York, New York, United States",information Technology,Contract
869,Software Developer,Remote,"Lagos, Lagos, Nigeria",Engineering,Full time
870,Software Developer,Remote,"Cairo, Cairo Governorate, Egypt",,Other
871,Software Developer,,"Guadalajara, Jalisco, Mexico",,
872,Software Developer,On-site,"Wollongong, New South Wales, Australia",Trading,Full time
873,Software Developer,,"London, England, United Kingdom","Technology, Engineering, Software Engineering, Software Engineering",Full time
874,Software Developer,On-site,"Bulverde, Texas, United States",Engineering,Other
875,Software Developer,,,,
876,Software Developer,On-site,"Issaquah, Washington, United States",IT,Full time
877,Software Developer,On-site,"Riyadh, Riyadh Province, Saudi Arabia","Data Management, IT Governance",Full time
878,Software Developer,Remote,"New York, New York, United States",,Contract
879,Software Developer,Remote,"Lagos, Lagos, Nigeria",Engineering,Full time
880,Software Developer,Remote,"Cairo, Cairo Governorate, Egypt",,Other
881,Software Developer,,,,
882,Software Developer,On-site,"Wollongong, New South Wales, Australia",Trading,Full time
883,Software Developer,Hybrid,"London, England, United Kingdom","Technology, Engineering, Software Engineering, Software Engineering",Full time
884,Software Developer,,,,
885,Software Developer,On-site,"Sydney, New South Wales, Australia",Freelancer.com,Temporary
886,Software Developer,Remote,"Orlando, Florida, United States",Business Operations,Full time
887,Software Developer,On-site,"Bogotá, Bogota, Colombia",Production,Full time
888,Software Developer,On-site,"Bellville, Cape Town, South Africa",Technology,Full time
889,Software Developer,,,,
890,Software Developer,Remote,"Amman, Amman Governorate, Jordan",,Full time
891,Software Developer,On-site,"Auckland, Auckland, New Zealand",Development,Other
892,Software Developer,Remote,"Scottsdale, Arizona, United States",Product & Operations,Full time
893,Software Developer,Remote,"Minato City, Tokyo, Japan",Mercari,Full time
894,Software Developer,,,,
895,Software Developer,On-site,"Sydney, New South Wales, Australia",Freelancer.com,Temporary
896,Software Developer,Remote,"Orlando, Florida, United States",Business Operations,Full time
897,Software Developer,On-site,"Bogotá, Bogota, Colombia",Production,Full time
898,Software Developer,On-site,"Bellville, Cape Town, South Africa",Technology,Full time
899,Software Developer,On-site,"Bengaluru, Karnataka, India",,
900,Software Developer,Remote,"Amman, Amman Governorate, Jordan",,Full time
901,Software Developer,On-site,"Auckland, Auckland, New Zealand",Development,Other
902,Software Developer,Remote,"Scottsdale, Arizona, United States",Product & Operations,Full time
903,Software Developer,Remote,"Minato City, Tokyo, Japan",Mercari,Full time
904,UI/UX,Remote,India,Marketing,Full time
905,UI/UX,Hybrid,"Montreal, Quebec, Canada",Design,Full time
906,UI/UX,On-site,"Riyadh, Riyadh Province, Saudi Arabia",Commercial,Contract
907,UI/UX,On-site,"New York, New York, United States",,Full time
908,UI/UX,Remote,Indonesia,Recruiting Team,Full time
909,UI/UX,,,,
910,UI/UX,Remote,"Minato City, Tokyo, Japan",Mercari,Full time
911,UI/UX,Remote,"London, England, United Kingdom","Design, Design UK",Full time
912,UI/UX,Hybrid,"Maadi, Al QÄhirah, Egypt",Software Development,Full time
913,UI/UX,Remote,"Riyadh, Riyadh Province, Saudi Arabia",Product Development,Full time
914,UI/UX,Remote,India,Marketing,Full time
915,UI/UX,Hybrid,"Montreal, Quebec, Canada",Design,Full time
916,UI/UX,Remote,Philippines,,
917,UI/UX,Remote,Indonesia,Recruiting Team,Full time
918,UI/UX,Remote,"Makati, Metro Manila, Philippines",Fulfilment,Full time
919,UI/UX,Remote,"Riyadh, Riyadh Province, Saudi Arabia",Product Development,Full time
920,UI/UX,Hybrid,"Maadi, Al QÄhirah, Egypt",Software Development,Full time
921,UI/UX,Hybrid,"Phra Khanong, Bangkok, Thailand",Development,Full time
922,UI/UX,Remote,"London, England, United Kingdom","Design, Design UK",Full time
923,UI/UX,Remote,"Manila, Metro Manila, Philippines",Active Pooling,Full time
924,UI/UX,Remote,India,Marketing,Full time
925,UI/UX,Hybrid,"Montreal, Quebec, Canada",Design,Full time
926,UI/UX,Remote,Philippines,,
927,UI/UX,Remote,Indonesia,Recruiting Team,Full time
928,UI/UX,Remote,"Makati, Metro Manila, Philippines",Fulfilment,Full time
929,UI/UX,Remote,"Riyadh, Riyadh Province, Saudi Arabia",Product Development,Full time
930,UI/UX,Hybrid,"Maadi, Al QÄhirah, Egypt",Software Development,Full time
931,UI/UX,Hybrid,"Phra Khanong, Bangkok, Thailand",Development,Full time
932,UI/UX,Remote,"London, England, United Kingdom","Design, Design UK",Full time
933,UI/UX,Remote,"Manila, Metro Manila, Philippines",Active Pooling,Full time
934,UI/UX,Remote,"Riyadh, Riyadh Province, Saudi Arabia",Product Development,Full time
935,UI/UX,On-site,"Riyadh, Riyadh Province, Saudi Arabia","Bayut KSA, Internal Audit & Compliance",
936,UI/UX,Remote,"Recife, State of Pernambuco, Brazil",Art,Full time
937,UI/UX,Remote,"Hove, Brighton and Hove, United Kingdom",Art,Full time
938,UI/UX,Hybrid,"Maadi, Al QÄhirah, Egypt",Software Development,Full time
939,UI/UX,On-site,"London, England, United Kingdom",,Full time
940,UI/UX,Remote,"London, England, United Kingdom","Design, Design UK",Full time
941,UI/UX,Remote,"Scottsdale, Arizona, United States",Technology,Full time
942,UI/UX,Hybrid,"Maadi, Al QÄhirah, Egypt",Software Development,Full time
943,UI/UX,On-site,"New York, New York, United States",,Full time
944,UI/UX,Remote,"Riyadh, Riyadh Province, Saudi Arabia",Product Development,Full time
945,UI/UX,On-site,"Riyadh, Riyadh Province, Saudi Arabia","Bayut KSA, Internal Audit & Compliance",
946,UI/UX,Remote,"Recife, State of Pernambuco, Brazil",Art,Full time
947,UI/UX,Remote,"Hove, Brighton and Hove, United Kingdom",Art,Full time
948,UI/UX,Hybrid,"Maadi, Al QÄhirah, Egypt",Software Development,Full time
949,UI/UX,On-site,"London, England, United Kingdom",,Full time
950,UI/UX,Remote,"London, England, United Kingdom","Design, Design UK",Full time
951,UI/UX,Remote,"Scottsdale, Arizona, United States",Technology,Full time
952,UI/UX,Hybrid,"Maadi, Al QÄhirah, Egypt",Software Development,Full time
953,UI/UX,On-site,"New York, New York, United States",,Full time
954,UI/UX,On-site,"Dubai, Dubai, United Arab Emirates",Digital Solutions,Full time
955,UI/UX,Remote,United States,,Contract
956,UI/UX,Remote,,Development,Full time
957,UI/UX,Hybrid,"Montreal, Quebec, Canada",Design,Full time
958,UI/UX,Remote,United States,Creative Team,Full time
959,UI/UX,Remote,"Melbourne, Victoria, Australia",Product,Full time
960,UI/UX,Hybrid,"Montreal, Quebec, Canada",Design,Full time
961,UI/UX,On-site,"Zürich, Zurich, Switzerland",Design,Full time
962,UI/UX,Remote,"Palm Beach Gardens, Florida, United States",Product,Full time
963,UI/UX,On-site,"Barcelona, Catalonia, Spain",Product,
964,UI/UX,On-site,"Dubai, Dubai, United Arab Emirates",Digital Solutions,Full time
965,UI/UX,Remote,United States,,Contract
966,UI/UX,Remote,,Development,Full time
967,UI/UX,Hybrid,"Montreal, Quebec, Canada",Design,Full time
968,UI/UX,Remote,United States,Creative Team,Full time
969,UI/UX,Remote,"Melbourne, Victoria, Australia",Product,Full time
970,UI/UX,Hybrid,"Montreal, Quebec, Canada",Design,Full time
971,UI/UX,On-site,"Zürich, Zurich, Switzerland",Design,Full time
972,UI/UX,Remote,"Palm Beach Gardens, Florida, United States",Product,Full time
973,UI/UX,On-site,"Barcelona, Catalonia, Spain",Product,
974,UI/UX,Remote,"Cairo, Cairo Governorate, Egypt",Product and Design,Full time
975,UI/UX,Remote,,,
976,UI/UX,Remote,Indonesia,Recruiting Team,Full time
977,UI/UX,On-site,"Los Angeles, California, United States",Art,Full time
978,UI/UX,Remote,Japan,Create Talent Community,Full time
979,UI/UX,Remote,Indonesia,Recruiting Team,Full time
980,UI/UX,Remote,"Manila, Metro Manila, Philippines",Active Pooling,Full time
981,UI/UX,,,,
982,UI/UX,Remote,Indonesia,Recruiting Team,Full time
983,UI/UX,Remote,China,Create Talent Community,Full time
984,UI/UX,Remote,"Cairo, Cairo Governorate, Egypt",Product and Design,Full time
985,UI/UX,Remote,,,
986,UI/UX,Remote,Indonesia,Recruiting Team,Full time
987,UI/UX,On-site,"Los Angeles, California, United States",Art,Full time
988,UI/UX,,Japan,Create Talent Community,Full time
989,UI/UX,Remote,Indonesia,Recruiting Team,Full time
990,UI/UX,Remote,"Manila, Metro Manila, Philippines",Active Pooling,Full time
991,UI/UX,,,,
992,UI/UX,Remote,Indonesia,Recruiting Team,Full time
993,UI/UX,Remote,China,Create Talent Community,Full time
994,UI/UX,Hybrid,"Bangalore, Karnataka, India",ENG,Full time
995,UI/UX,On-site,"Guildford, England, United Kingdom",Programming,Full time
996,UI/UX,Remote,United States,Design,Full time
997,UI/UX,,,,
998,UI/UX,On-site,"Vancouver, British Columbia, Canada",,Full time
999,UI/UX,Remote,"Lisbon, Lisbon, Portugal",Engineering,Full time
1000,UI/UX,Remote,,Production,Full time
1001,UI/UX,Remote,"Paris, Île-de-France, France",Product,
1002,UI/UX,Remote,Peru,Engineering,Full time
1003,UI/UX,Remote,Philippines,,
1004,UI/UX,Hybrid,"Bangalore, Karnataka, India",ENG,Full time
1005,UI/UX,On-site,"Guildford, England, United Kingdom",Programming,Full time
1006,UI/UX,Remote,United States,Design,Full time
1007,UI/UX,,,,
1008,UI/UX,On-site,"Vancouver, British Columbia, Canada",,Full time
1009,UI/UX,Remote,"Lisbon, Lisbon, Portugal",Engineering,Full time
1010,UI/UX,Remote,,Production,Full time
1011,UI/UX,Remote,"Paris, Île-de-France, France",Product,
1012,UI/UX,Remote,Peru,Engineering,Full time
1013,UI/UX,Remote,Philippines,,
1014,UI/UX,Remote,Greece,Product,Full time
1015,UI/UX,On-site,United Kingdom,"Talent Pools, Product & Tech",Full time
1016,UI/UX,Remote,United Kingdom,Customer Success,Full time
1017,UI/UX,On-site,"New York, New York, United States",,Full time
1018,UI/UX,On-site,"Amman, Amman Governorate, Jordan",Technology,Full time
1019,UI/UX,Remote,"Makati, Metro Manila, Philippines",Fulfilment,Full time
1020,UI/UX,Hybrid,"North York, Ontario, Canada",Sales,Full time
1021,UI/UX,Remote,"Burlingame, California, United States",Engineering,Full time
1022,UI/UX,Hybrid,"Bellville, Western Cape, South Africa",Product,Full time
1023,UI/UX,Remote,"Lisbon, Lisbon, Portugal",Engineering,Full time
1024,UI/UX,Remote,"Burlingame, California, United States",Engineering,Full time
1025,UI/UX,Hybrid,"Bellville, Western Cape, South Africa",Product,Full time
1026,UI/UX,Remote,"Lisbon, Lisbon, Portugal",Engineering,Full time
1027,UI/UX,Remote,Hong Kong,Product,
1028,UI/UX,On-site,"London, England, United Kingdom",Operations,Contract
1029,UI/UX,On-site,"Berlin, Berlin, Germany",Product,Full time
1030,UI/UX,Remote,"Lyon, Auvergne-Rhône-Alpes, France",,Full time
1031,UI/UX,On-site,"Sofia, Sofia City Province, Bulgaria",,Full time
1032,UI/UX,,,,
1033,UI/UX,Remote,Portugal,Product,
1034,UI/UX,Remote,India,Design,Full time
1035,UI/UX,On-site,"Minato City, Tokyo, Japan",Mercari,Temporary
1036,UI/UX,Remote,"Riyadh, Riyadh Province, Saudi Arabia",Product Development,Full time
1037,UI/UX,Remote,"New York, New York, United States",Research Division,
1038,UI/UX,On-site,"İstanbul, İstanbul, Turkey",Development,Full time
1039,UI/UX,On-site,"Bengaluru, Karnataka, India",Product,Other
1040,UI/UX,,,,
1041,UI/UX,Remote,Portugal,Product,
1042,UI/UX,Remote,India,Design,Full time
1043,UI/UX,On-site,"Minato City, Tokyo, Japan",Mercari,Temporary
1044,UI/UX,Remote,"Riyadh, Riyadh Province, Saudi Arabia",Product Development,Full time
1045,UI/UX,Remote,"New York, New York, United States",Research Division,
1046,UI/UX,On-site,"İstanbul, İstanbul, Turkey",Development,Full time
1047,UI/UX,On-site,"Bengaluru, Karnataka, India",Product,Other
1048,UI/UX,Remote,Philippines,,
1049,UI/UX,On-site,"Denver, Colorado, United States",,Full time
1050,UI/UX,Remote,Hong Kong,Product,
1051,UI/UX,On-site,,Product Engineering and Development,Full time
1052,UI/UX,Remote,India,Information Technology,Full time
1053,UI/UX,Remote,"New Haven, Connecticut, United States",,Full time
1054,UI/UX,On-site,,,
1055,UI/UX,On-site,"Bengaluru, Karnataka, India",UX Team,Full time
1056,UI/UX,Remote,"Palo Alto, California, United States",Product,Full time
1057,UI/UX,Remote,"Warsaw, Masovian Voivodeship, Poland","Poland, Engineering, PL",Full time
1058,UI/UX,Remote,"London, London, United Kingdom",Platform,Full time
1059,UI/UX,Remote,"Uttoxeter, England, United Kingdom",Software Engineering,Full time
1060,UI/UX,On-site,"Kuala Lumpur, Federal Territory of Kuala Lumpur, Malaysia",Engineering,Full time
1061,UI/UX,On-site,"New York, New York, United States",Visual Experience Design,Full time
1062,UI/UX,On-site,"Madrid, Community of Madrid, Spain",Portfolio Company Community,Full time
1063,UI/UX,Remote,"Lisbon, Lisbon, Portugal",Product,Full time
1064,UI/UX,On-site,"Athens, Attica, Greece","Business Growth, Marketing & Product",Full time
1065,UI/UX,On-site,"Bengaluru, Karnataka, India",UX Team,Full time
1066,UI/UX,Remote,"Palo Alto, California, United States",Product,Full time
1067,UI/UX,Remote,"Warsaw, Masovian Voivodeship, Poland","Poland, Engineering, PL",Full time
1068,UI/UX,Remote,"London, London, United Kingdom",Platform,Full time
1069,UI/UX,Remote,"Uttoxeter, England, United Kingdom",Software Engineering,Full time
1070,UI/UX,On-site,"Kuala Lumpur, Federal Territory of Kuala Lumpur, Malaysia",Engineering,Full time
1071,UI/UX,On-site,"New York, New York, United States",Visual Experience Design,Full time
1072,UI/UX,On-site,"Madrid, Community of Madrid, Spain",Portfolio Company Community,Full time
1073,UI/UX,Remote,"Lisbon, Lisbon, Portugal",Product,Full time
1074,UI/UX,On-site,"Athens, Attica, Greece","Business Growth, Marketing & Product",Full time
1075,UI/UX,Hybrid,"Southampton, England, United Kingdom",,Full time
1076,UI/UX,On-site,"Wellington, Wellington, New Zealand",Art,Full time
1077,UI/UX,On-site,"Taipei, Xinyi District, Taiwan",Creative,Full time
1078,UI/UX,Hybrid,"Gurugram, Haryana, India",Engineering,Full time
1079,UI/UX,Remote,"Mandaluyong, Metro Manila, Philippines",IT Development,Full time
1080,UI/UX,On-site,United Kingdom,,
1081,UI/UX,Remote,United States,,
1082,UI/UX,Remote,"Lagos, Lagos, Nigeria",Tech,Full time
1083,UI/UX,Remote,"England, United Kingdom",Sales,Full time
1084,UI/UX,Hybrid,"Bengaluru, Karnataka, India",ENG,Full time
1085,UI/UX,Remote,"Lisbon, Lisbon, Portugal",Product,Full time
1086,UI/UX,,,,
1087,UI/UX,Remote,"Minato City, Tokyo, Japan",Mercari,Full time
1088,UI/UX,Remote,"Washington, District of Columbia, United States",Account Team,Full time
1089,UI/UX,Hybrid,"Cardiff, Wales, United Kingdom",Content,Full time
1090,UI/UX,Remote,"Paris, Île-de-France, France",Content,Other
1091,UI/UX,Remote,"Athens, Attica, Greece",Engineering,Full time
1092,UI/UX,On-site,"Bulverde, Texas, United States",Marketing,Full time
1093,UI/UX,On-site,"Amsterdam, North Holland, Netherlands","Marketing, Communications and Events",Full time
1094,UI/UX,Remote,Spain,Product & Technology,Full time
